n,min,max,mode,mean,stnd dev
241,4.0,10.0,8.0,6.7725118483412325,1.7086343317459278
